id,title
agri-food-and-biosciences-institute-fisheries-and-aquatic-ecosystems-branch,Agri-Food and Biosciences Institute - Fisheries and Aquatic Ecosystems Branch
belfast,Belfast City Council
business-services-organisation,Business Services Organisation
department-for-employment-and-learning,Department for Employment and Learning
department-for-infrastructure-planning,Department for Infrastructure - Planning 
department-of-agriculture-environment-and-rural-affairs-air-and-environmental-quality-unit,"Department of Agriculture, Environment and Rural Affairs - Air and Environmental Quality Unit"
department-of-agriculture-environment-rural-affairs-statistics-analytical-services-branch,"Department of Agriculture, Environment and Rural Affairs - Statistics and Analytical Services Branch"
department-of-culture-arts-leisure-inland-fisheries,"Department of Culture, Arts & Leisure – Inland Fisheries "
department-of-health,Department of Health
department-of-social-development-analytical-services-unit,Department for Social Development - Analytical Services Unit
driver-and-vehicle-agency,Driver and Vehicle Agency
geological-survey-of-northern-ireland,Geological Survey of Northern Ireland 
invest-northern-ireland,Invest Northern Ireland 
land-property,Land & Property Services
libraries-ni,Libraries NI
ni-water,NI Water
northern-ireland-assembly,Northern Ireland Assembly 
northern-ireland-environment-agency-water-management-unit,Northern Ireland Environment Agency – Water Management Unit
northern-ireland-executive,Northern Ireland Executive
northern-ireland-statistics-and-research-agency,Northern Ireland Statistics and Research Agency
open-data-publisher-demo,OpenDataNI
police-service-of-northern-ireland,Police Service of Northern Ireland
public-health-agency,Public Health Agency
sport-northern-ireland,Sport Northern Ireland
the-electoral-office-of-northern-ireland,The Electoral Office for Northern Ireland
translink,Translink
transportni,TransportNI
